,City,Cloudiness,Country,Date,Humidity,Lat,Lng,Max_temp,Wind_speed
0,New Norfolk,90,AU,1586970931,82,-42.78,147.06,62.01,5.82
1,Rikitea,58,PF,1586970931,68,-23.12,-134.97,75.69,2.84
2,Port Hawkesbury,90,CA,1586970710,93,45.62,-61.35,39.0,2.24
3,Alyangula,7,AU,1586970931,100,-13.85,136.42,73.4,6.89
4,Puerto Ayora,40,EC,1586970931,74,-0.74,-90.35,84.2,12.75
5,Punta Arenas,99,CL,1586970931,71,-53.15,-70.92,55.4,6.93
6,Hithadhoo,80,MV,1586970932,72,-0.6,73.08,84.99,9.46
7,Barrow,90,US,1586970932,85,71.29,-156.79,15.8,19.46
8,Areosa,40,PT,1586970932,77,41.72,-8.86,60.01,14.99
9,Mar del Plata,40,AR,1586970932,55,-38.0,-57.56,63.0,16.11
10,Saskylakh,94,RU,1586970932,91,71.92,114.08,-5.26,6.2
11,Tasiilaq,75,GL,1586970933,79,65.61,-37.64,28.4,5.82
12,Cape Town,20,ZA,1586970893,67,-33.93,18.42,66.0,6.93
13,Cabañas,40,CU,1586970933,55,22.98,-82.92,91.0,11.41
14,Albany,75,US,1586970870,39,42.6,-73.97,46.99,14.99
15,Geraldton,0,AU,1586970933,82,-28.77,114.6,60.8,8.05
16,Mataura,62,NZ,1586970933,86,-46.19,168.86,50.0,11.01
17,Rabo de Peixe,40,PT,1586970933,76,37.8,-25.58,57.2,18.34
18,Boddam,16,GB,1586970934,51,57.47,-1.78,62.6,11.41
19,Lüderitz,0,NA,1586970934,72,-26.65,15.16,64.4,19.46
20,Ahipara,43,NZ,1586970935,75,-35.17,173.17,61.12,16.84
21,Port Alfred,52,ZA,1586970935,94,-33.59,26.89,61.0,7.07
22,Kumul,99,CN,1586970935,22,42.8,93.45,66.29,9.51
23,Ponta do Sol,40,PT,1586970935,72,32.67,-17.1,64.4,13.87
24,Ushuaia,20,AR,1586970935,66,-54.8,-68.3,51.8,4.92
25,Faanui,29,PF,1586970935,67,-16.48,-151.75,82.71,9.6
26,Bengkulu,100,ID,1586970935,82,-3.8,102.27,78.42,4.45
27,Pangnirtung,90,CA,1586970935,53,66.15,-65.71,23.0,4.7
28,Tamayo,20,DO,1586970936,46,18.39,-71.2,89.6,20.8
29,Mabaruma,63,GY,1586970936,54,8.2,-59.78,86.88,8.1
30,Cherskiy,83,RU,1586970936,91,68.75,161.3,-1.5,3.13
31,Port Augusta,92,AU,1586970936,68,-32.5,137.77,72.0,13.87
32,Arraial do Cabo,20,BR,1586970936,58,-22.97,-42.03,84.2,9.17
33,Khuzhir,0,RU,1586970936,76,53.19,107.34,31.05,2.55
34,Bluff,57,NZ,1586970936,86,-46.6,168.33,50.0,11.01
35,Kruisfontein,19,ZA,1586970937,85,-34.0,24.73,59.36,0.96
36,Laguna,5,US,1586970773,51,38.42,-121.42,69.01,3.36
37,Yarovoy,49,RU,1586970937,59,52.93,78.58,43.88,10.87
38,Clyde River,75,CA,1586970937,84,70.47,-68.59,5.0,11.41
39,Osinki,100,RU,1586970937,77,52.84,49.51,51.6,22.68
40,Kavaratti,10,IN,1586970797,69,10.57,72.64,84.96,6.26
41,Hilo,90,US,1586970938,83,19.73,-155.09,71.6,8.05
42,Inhambane,40,MZ,1586970938,88,-23.86,35.38,80.6,11.41
43,Hermanus,94,ZA,1586970938,82,-34.42,19.23,64.0,2.33
44,Gurupi,100,BR,1586970661,89,-11.73,-49.07,72.68,4.41
45,Eureka,40,US,1586970938,81,40.8,-124.16,54.0,10.04
46,Busselton,34,AU,1586970938,59,-33.65,115.33,55.0,5.41
47,Dingle,22,PH,1586970939,71,11.0,122.67,78.06,6.02
48,Murray Bridge,97,AU,1586970940,66,-35.12,139.27,66.0,6.38
49,Roanoke Rapids,90,US,1586970729,47,36.46,-77.65,50.0,11.41
50,Hohhot,20,CN,1586970940,22,40.81,111.65,42.8,4.47
51,Norman Wells,75,CA,1586970940,68,65.28,-126.83,30.2,9.17
52,Yerofey Pavlovich,0,RU,1586970940,74,53.97,121.97,31.91,2.57
53,Dormidontovka,0,RU,1586970941,73,47.77,134.91,36.23,3.49
54,Los Llanos de Aridane,20,ES,1586970941,53,28.66,-17.92,73.4,6.93
55,Saint Anthony,75,US,1586970866,42,45.02,-93.22,30.99,5.82
56,Bantou,0,CN,1586970941,59,26.22,117.49,59.88,2.51
57,Babušnica,48,RS,1586970941,37,43.06,22.41,50.0,11.41
58,Longyearbyen,75,SJ,1586970941,69,78.22,15.64,35.6,26.4
59,Carnarvon,75,AU,1586970941,60,-24.87,113.63,75.2,17.22
60,Isangel,100,VU,1586970941,81,-19.55,169.27,78.28,12.01
61,Ayagoz,66,KZ,1586970942,62,47.97,80.44,37.35,6.89
62,Jamestown,90,US,1586970781,55,42.1,-79.24,39.99,14.99
63,Atar,56,MR,1586970942,10,20.52,-13.05,92.48,13.76
64,Bethel,20,US,1586970942,39,41.37,-73.41,52.0,5.82
65,Santiago,97,CL,1586970644,35,-33.46,-70.65,72.0,6.29
66,Nanortalik,100,GL,1586970942,93,60.14,-45.24,36.45,14.41
67,Iqaluit,90,CA,1586970942,62,63.75,-68.51,24.01,9.17
68,Arrondissement d'Ajaccio,3,FR,1586970943,68,42.0,8.92,68.0,6.93
69,Yellowknife,75,CA,1586970943,79,62.46,-114.35,21.99,11.41
70,Jodhpur,0,IN,1586970921,20,26.29,73.03,89.44,7.83
71,Torbay,75,CA,1586970943,39,47.67,-52.73,48.99,12.75
72,Nikolskoye,40,RU,1586970943,64,59.7,30.79,39.2,8.95
73,Esperance,75,AU,1586970944,93,-33.87,121.9,57.2,3.36
74,Constitución,100,CL,1586970944,52,-35.33,-72.42,62.4,5.79
75,Lompoc,1,US,1586970759,59,34.64,-120.46,72.0,3.36
76,Kapaa,43,US,1586970944,59,22.08,-159.32,69.01,11.12
77,Lebu,99,CL,1586970944,54,-37.62,-73.65,63.45,9.4
78,Bredasdorp,99,ZA,1586970843,77,-34.53,20.04,64.4,4.7
79,Ashgabat,20,TM,1586970944,67,37.95,58.38,59.0,9.17
80,Jiazi,92,CN,1586970945,83,22.88,116.07,67.46,2.33
81,Ancud,90,CL,1586970945,100,-41.87,-73.82,51.8,18.34
82,Jalu,58,LY,1586970945,13,29.03,21.55,87.51,11.77
83,Fort Nelson,20,CA,1586970945,55,58.81,-122.7,37.4,3.36
84,San Patricio,20,MX,1586970945,78,19.22,-104.7,80.6,11.41
85,Leningradskiy,100,RU,1586970945,95,69.38,178.42,14.0,4.38
86,Bahía Blanca,28,AR,1586970945,31,-38.72,-62.27,69.37,1.28
87,Touros,75,BR,1586970946,83,-5.2,-35.46,78.8,9.17
88,Altoona,1,US,1586970946,35,40.52,-78.39,46.0,10.29
89,Caucayá,23,CO,1586970946,38,-0.19,-74.78,93.78,5.03
90,Castaños,90,MX,1586970946,71,26.78,-101.42,57.99,5.82
91,Atuona,58,PF,1586970946,77,-9.8,-139.03,82.08,10.78
92,Khatanga,0,RU,1586970947,89,71.97,102.5,-9.11,4.54
93,Yangi Marg`ilon,90,UZ,1586970947,81,40.43,71.72,50.0,0.58
94,Kizema,100,RU,1586970947,86,61.11,44.83,44.78,12.77
95,Savelugu,62,GH,1586970947,25,9.62,-0.83,100.65,3.22
96,Emerald,0,AU,1586970947,77,-23.53,148.17,66.2,3.36
97,Ostrovnoy,100,RU,1586970947,97,68.05,39.51,32.22,3.6
98,Thompson,40,CA,1586970947,57,55.74,-97.86,17.6,9.17
99,Sola,100,VU,1586970947,84,-13.88,167.55,79.36,18.01
100,Airai,100,TL,1586970947,69,-8.93,125.41,61.65,2.89
101,Havøysund,75,NO,1586970947,80,71.0,24.66,35.6,17.22
102,Puerto Carreño,29,CO,1586970948,36,6.19,-67.49,93.2,6.93
103,Souillac,40,MU,1586970948,78,-20.52,57.52,78.8,13.87
104,Colares,40,PT,1586970948,72,38.8,-9.45,62.6,16.11
105,Balaipungut,98,ID,1586970948,94,1.05,101.28,75.52,1.23
106,Kaitangata,36,NZ,1586970948,64,-46.28,169.85,51.01,15.01
107,Vaini,75,TO,1586970949,100,-21.2,-175.2,69.8,3.36
108,Hobart,90,AU,1586970882,82,-42.88,147.33,62.01,5.82
109,Saint Paul Harbor,90,US,1586970949,86,57.79,-152.41,41.0,3.36
110,Tārūt,40,SA,1586970949,78,26.57,50.04,73.4,10.29
111,Whitehorse,75,CA,1586970796,59,60.72,-135.05,39.0,5.82
112,Qaanaaq,86,GL,1586970949,90,77.48,-69.36,12.2,2.57
113,Timmins,75,CA,1586970724,38,48.47,-81.33,24.8,9.17
114,Anori,85,BR,1586970950,54,-3.77,-61.64,90.3,2.75
115,Ilulissat,75,GL,1586970950,46,69.22,-51.1,28.4,8.05
116,Taltal,56,CL,1586970950,61,-25.4,-70.48,68.09,6.6
117,Cabo San Lucas,5,MX,1586970914,49,22.89,-109.91,78.01,9.17
118,Avarua,83,CK,1586970951,94,-21.21,-159.78,69.8,2.24
119,Vitim,20,RU,1586970951,81,59.45,112.56,34.83,4.14
120,Saint-Pierre,0,RE,1586970675,73,-21.34,55.48,77.0,20.8
121,Saint-Philippe,6,RE,1586970951,78,-21.36,55.77,77.0,25.28
122,East London,90,ZA,1586970951,73,-33.02,27.91,67.1,11.92
123,Plettenberg Bay,71,ZA,1586970951,73,-34.05,23.37,61.29,5.03
124,Castro,0,BR,1586970739,26,-24.79,-50.01,66.43,4.61
125,Ushtobe,98,KZ,1586970952,52,45.25,77.98,49.26,5.12
126,Sistranda,75,NO,1586970952,86,63.73,8.83,41.0,23.04
127,Grand Gaube,40,MU,1586970952,78,-20.01,57.66,78.8,13.87
128,Port Elizabeth,19,ZA,1586970952,87,-33.92,25.57,60.8,2.24
129,Edd,60,ER,1586970952,68,13.93,41.69,80.65,12.48
130,Beidao,68,CN,1586970953,34,34.57,105.89,60.53,1.05
131,Champerico,20,GT,1586970953,52,14.3,-91.92,91.4,6.93
132,Kavieng,100,PG,1586970953,71,-2.57,150.8,82.42,2.59
133,Chokurdakh,98,RU,1586970953,89,70.63,147.92,-9.2,8.5
134,Betong,86,TH,1586970953,85,5.77,101.07,73.35,1.52
135,Yulara,19,AU,1586970953,22,-25.24,130.99,66.2,3.53
136,Tuatapere,61,NZ,1586970954,86,-46.13,167.68,50.0,11.01
137,Bogorodskoye,71,RU,1586970954,75,56.55,37.88,35.64,8.5
138,Melita,8,CA,1586970954,47,49.27,-101.0,33.01,8.01
139,Bol,0,TD,1586970955,17,13.46,14.71,87.64,7.74
140,Arlit,75,NE,1586970955,7,18.74,7.39,95.29,8.1
141,Henties Bay,1,NA,1586970955,90,-22.12,14.28,59.0,3.0
142,Dikson,26,RU,1586970955,81,73.51,80.55,5.47,6.26
143,Guajará,86,BR,1586970955,75,-2.97,-57.67,85.3,1.01
144,Salinas,1,US,1586970734,55,36.68,-121.66,70.0,4.7
145,Severo-Kuril'sk,100,RU,1586970956,93,50.68,156.12,29.73,9.26
146,Padang,100,ID,1586970956,77,-0.95,100.35,79.07,4.59
147,Mossamedes,94,AO,1586970956,72,-15.2,12.15,75.76,9.01
148,Chapada dos Guimarães,90,BR,1586970957,78,-15.46,-55.75,77.0,8.05
149,Kirakira,100,SB,1586970957,78,-10.45,161.92,81.48,3.96
150,Mehamn,75,NO,1586970957,80,71.04,27.85,35.6,17.22
151,Belaya Gora,100,RU,1586970958,91,68.53,146.42,-3.32,14.61
152,Ribeira Grande,40,PT,1586970958,51,38.52,-28.7,60.8,26.4
153,Koungou,20,YT,1586970958,79,-12.73,45.2,84.2,6.93
154,Charlestown,52,AU,1586970922,93,-32.95,151.67,66.0,8.61
155,Guerrero Negro,0,MX,1586970958,26,27.98,-114.06,77.16,4.41
156,Chinsali,62,ZM,1586970958,65,-10.54,32.08,66.67,4.63
157,Bambous Virieux,40,MU,1586970959,78,-20.34,57.76,78.8,13.87
158,Pisco,90,PE,1586970959,30,-13.7,-76.22,81.0,5.82
159,Alofi,100,NU,1586970960,94,-19.06,-169.92,73.4,1.12
160,Hofn,20,IS,1586970960,39,64.25,-15.21,46.4,14.99
161,Yaring,73,TH,1586970960,81,6.87,101.37,81.86,10.65
162,Weiswampach,1,LU,1586970961,29,50.14,6.08,64.4,4.7
163,Port-Gentil,40,GA,1586970961,84,-0.72,8.78,86.0,11.41
164,Port Macquarie,18,AU,1586970961,100,-31.43,152.92,59.0,6.96
165,Nuuk,75,GL,1586970961,97,64.18,-51.72,33.8,39.15
166,Paamiut,100,GL,1586970961,98,61.99,-49.67,31.8,10.45
167,Richards Bay,65,ZA,1586970962,74,-28.78,32.04,70.93,5.01
168,Lorengau,99,PG,1586970962,75,-2.02,147.27,81.77,2.21
169,Bembèrèkè,11,BJ,1586970962,21,10.23,2.66,95.02,1.79
170,Mersing,50,MY,1586970963,79,2.43,103.84,84.2,8.05
171,Talnakh,40,RU,1586970963,84,69.49,88.4,3.2,17.9
172,Upernavik,0,GL,1586970963,89,72.79,-56.15,20.91,8.9
173,Kungurtug,0,RU,1586970964,47,50.6,97.52,35.02,2.59
174,Udomlya,78,RU,1586970964,86,57.88,34.99,32.63,4.63
175,Alice Springs,1,AU,1586970964,19,-23.7,133.88,64.4,3.36
176,Butaritari,100,KI,1586970964,82,3.07,172.79,82.53,17.18
177,Aykhal,27,RU,1586970949,60,66.0,111.5,10.4,6.71
178,Shimoda,98,JP,1586970965,62,34.67,138.95,52.0,1.01
179,Cockburn Town,1,TC,1586970703,80,21.46,-71.14,79.02,14.92
180,Cidreira,9,BR,1586970666,48,-30.18,-50.21,69.69,22.73
181,Mahébourg,40,MU,1586970966,78,-20.41,57.7,78.8,13.87
182,Pochutla,5,MX,1586970966,48,15.74,-96.47,91.0,6.71
183,Multan,20,PK,1586970843,38,30.2,71.48,87.8,4.61
184,Kushmurun,82,KZ,1586970966,59,52.45,64.63,46.99,10.11
185,Mafinga,50,TZ,1586970966,66,-7.25,35.07,70.52,3.15
186,Babol,0,IR,1586970966,87,36.55,52.68,59.0,6.93
187,Ulaanbaatar,40,MN,1586970967,86,47.91,106.88,26.6,6.17
188,Praia da Vitória,75,PT,1586970967,82,38.73,-27.07,57.2,23.38
189,San Quintín,0,MX,1586970967,48,30.48,-115.95,69.44,6.46
190,Lexington Park,40,US,1586970967,48,38.27,-76.45,52.0,8.05
191,Jagtiāl,20,IN,1586970967,24,18.8,78.93,87.1,8.05
192,Boma,64,GH,1586970968,64,7.08,-2.17,83.57,2.8
193,Bayangol,0,RU,1586970968,56,50.7,103.47,29.62,0.81
194,Aswān,0,EG,1586970968,15,24.09,32.91,86.0,5.82
195,Vastseliina,90,EE,1586970969,86,57.73,27.29,41.0,8.95
196,Ouro Preto do Oeste,96,BR,1586970969,77,-10.75,-62.22,80.24,5.37
197,Fare,17,PF,1586970969,67,-16.7,-151.02,83.03,7.29
198,St. George's,20,GD,1586970969,70,12.06,-61.75,84.2,14.99
199,Aitape,59,PG,1586970969,84,-3.14,142.35,78.58,3.09
200,Usoke,40,TZ,1586970969,58,-5.17,32.35,84.2,5.82
201,Deputatsky,100,RU,1586970970,87,69.3,139.9,-2.33,5.75
202,Valdivia,90,CL,1586970971,100,-39.81,-73.25,53.6,2.24
203,Codrington,80,AU,1586970971,91,-38.27,141.97,60.04,13.06
204,Nelson Bay,35,AU,1586970971,93,-32.72,152.15,64.99,9.1
205,Umm Kaddadah,0,SD,1586970972,11,13.6,26.69,77.95,12.15
206,Assiut,33,EG,1586970972,25,27.18,31.18,84.2,11.41
207,Martapura,90,ID,1586970972,94,-3.42,114.85,78.8,4.7
208,Mount Gambier,75,AU,1586970972,100,-37.83,140.77,57.2,6.93
209,Olinda,40,BR,1586970972,70,-8.01,-34.86,86.0,9.17
210,Resistencia,0,AR,1586970973,36,-27.46,-58.98,75.99,5.82
211,Miramar,75,US,1586970973,55,25.99,-80.23,93.0,11.41
212,Taoudenni,0,ML,1586970973,17,22.68,-3.98,95.29,7.61
213,Lovozero,100,RU,1586970973,95,68.0,35.01,27.59,4.68
214,Tuktoyaktuk,75,CA,1586970973,79,69.45,-133.04,26.6,11.41
215,Tuntum,100,BR,1586970973,77,-5.26,-44.65,81.55,3.83
216,Nushki,56,PK,1586970973,19,29.55,66.02,73.76,6.44
217,Shakawe,41,BW,1586970974,35,-18.37,21.85,76.55,2.82
218,Kodinsk,63,RU,1586970974,80,58.69,99.18,38.68,2.82
219,São Félix do Xingu,100,BR,1586970974,85,-6.64,-51.99,72.97,2.01
220,Tiksi,100,RU,1586970974,91,71.69,128.87,-1.64,9.22
221,Hirara,22,JP,1586970974,62,24.8,125.28,69.67,9.06
222,Māngrol,17,IN,1586970975,50,21.12,70.12,83.01,12.46
223,Benito Juarez,20,MX,1586970975,29,19.39,-99.17,84.2,3.69
224,Paita,44,PE,1586970975,100,-5.09,-81.11,62.6,9.17
225,Namatanai,97,PG,1586970975,77,-3.67,152.43,80.22,1.88
226,Salalah,40,OM,1586970975,70,17.02,54.09,84.2,6.93
227,Sharjah city,100,AE,1586970713,88,25.36,55.4,71.6,12.75
228,Sortavala,26,RU,1586970975,88,61.71,30.69,34.25,3.83
229,Kalamata,20,GR,1586970976,63,37.04,22.11,64.99,9.17
230,Kashihara-shi,100,JP,1586970976,76,34.51,135.79,53.6,2.24
231,Porto-Novo,20,BJ,1586970976,74,6.5,2.6,86.0,13.87
232,‘Āhuimanu,75,US,1586970976,73,21.44,-157.84,75.2,8.05
233,Cukai,24,MY,1586970976,100,4.25,103.42,80.6,6.89
234,George Town,40,MY,1586970976,100,5.41,100.34,82.4,3.36
235,Teplyk,99,UA,1586970976,64,48.67,29.75,43.21,10.29
236,Ust-Kuyga,100,RU,1586970976,90,70.02,135.6,-1.59,9.1
237,Baghdad,0,IQ,1586970910,22,33.34,44.4,77.0,5.82
238,Denpasar,40,ID,1586970977,94,-8.65,115.22,82.4,4.7
239,Saint George,1,US,1586970716,27,37.1,-113.58,57.0,3.36
240,Half Moon Bay,5,US,1586970742,67,37.46,-122.43,71.01,3.27
241,Vardø,40,NO,1586970977,64,70.37,31.11,37.4,24.16
242,Curuguaty,0,PY,1586970978,28,-24.47,-55.69,74.53,5.44
243,Labuhan,36,ID,1586970978,82,-6.88,112.21,79.3,3.38
244,Saint-Joseph,3,RE,1586970978,78,-21.37,55.62,77.0,25.28
245,Grindavik,75,IS,1586970978,69,63.84,-22.43,39.2,20.8
246,Acaraú,72,BR,1586970978,79,-2.89,-40.12,83.23,3.38
247,Lagoa,21,PT,1586970978,67,39.05,-27.98,56.66,23.62
248,Christchurch,22,NZ,1586970979,93,-43.53,172.63,46.99,1.12
249,Narsaq,75,GL,1586970979,86,60.92,-46.05,33.8,2.24
250,Waingapu,100,ID,1586970979,82,-9.66,120.26,79.39,8.63
251,Likasi,76,CD,1586970979,62,-10.98,26.73,67.68,3.4
252,Esso,100,RU,1586970979,85,55.93,158.7,15.84,0.34
253,Sligo,41,IE,1586970979,87,54.27,-8.47,52.0,9.17
254,Okhotsk,1,RU,1586970980,95,59.38,143.3,22.3,3.04
255,Maţāy,49,EG,1586970980,19,28.42,30.78,76.14,5.93
256,Beringovskiy,98,RU,1586970980,97,63.05,179.32,20.39,9.98
257,Buchanan,75,LR,1586970980,88,5.88,-10.05,82.4,4.7
258,Provideniya,71,RU,1586970980,94,64.38,-173.3,23.94,5.12
259,Samarai,75,PG,1586970980,85,-10.62,150.67,80.15,8.03
260,Akureyri,75,IS,1586970981,74,65.68,-18.09,37.4,6.93
261,Gamba,80,GA,1586970981,85,-2.65,10.0,82.33,9.28
262,Hong Kong,94,HK,1586970793,60,22.29,114.16,71.01,4.7
263,Mil'kovo,100,RU,1586970981,90,54.72,158.62,24.94,3.78
264,Nortelândia,89,BR,1586970981,69,-14.45,-56.8,79.88,7.47
265,Prince Rupert,90,CA,1586970852,100,54.32,-130.32,42.8,5.82
266,Mount Isa,0,AU,1586970981,29,-20.73,139.5,78.8,6.93
267,Berlevåg,40,NO,1586970982,64,70.86,29.09,33.8,24.16
268,Caxito,75,AO,1586970982,74,-8.58,13.66,84.2,12.75
269,Srednekolymsk,3,RU,1586970982,90,67.45,153.68,-8.0,10.0
270,Qui Nhon,49,VN,1586970982,81,13.77,109.23,75.47,2.39
271,Chui,99,UY,1586970982,82,-33.7,-53.46,64.08,25.95
272,Kirgiz-Miyaki,83,RU,1586970982,62,53.63,54.8,48.15,13.76
273,Schwaz,12,AT,1586970982,27,47.34,11.73,64.4,8.05
274,Sitka,90,US,1586970983,93,57.05,-135.33,42.8,3.36
275,Zhigansk,56,RU,1586970983,93,66.77,123.37,2.64,12.97
276,Zvishavane,26,ZW,1586970983,38,-20.33,30.07,71.85,2.26
277,Mergen,0,CN,1586970983,55,49.18,125.22,41.45,2.77
278,Marabu,75,MY,1586970984,94,4.41,114.01,77.0,5.03
279,Musoma,20,TZ,1586970984,69,-1.5,33.8,82.4,9.17
280,Dickinson,1,US,1586970984,39,29.46,-95.05,64.99,9.17
281,Huarmey,9,PE,1586970985,56,-10.07,-78.15,81.37,10.71
282,Hunterville,52,NZ,1586970985,71,-39.93,175.57,57.0,23.0
283,Talara,72,PE,1586970985,100,-4.58,-81.27,62.6,9.17
284,São José da Coroa Grande,67,BR,1586970986,68,-8.9,-35.15,84.97,10.25
285,Kahului,40,US,1586970986,88,20.89,-156.47,75.2,8.05
286,Kipini,100,KE,1586970986,82,-2.53,40.53,83.28,14.81
287,Amapá,95,BR,1586970986,54,1.0,-52.0,86.99,3.06
288,Saldanha,100,ZA,1586970986,63,-33.01,17.94,66.2,8.05
289,Churapcha,51,RU,1586970987,93,62.0,132.43,14.85,9.13
290,Kutum,0,SD,1586970987,12,14.2,24.67,71.46,10.76
291,Grants,1,US,1586970987,18,35.15,-107.85,48.2,5.82
292,Yar-Sale,29,RU,1586970987,93,66.83,70.83,15.44,9.91
293,Oktyabr'skiy,98,RU,1586970987,62,54.48,53.47,50.94,13.94
294,Paraíso,75,CR,1586970912,61,9.84,-83.87,82.4,12.75
295,Kukushtan,93,RU,1586970988,75,57.65,56.5,46.4,11.18
296,Micheweni,100,TZ,1586970988,80,-4.97,39.83,83.88,16.08
297,Muroto-misakicho,98,JP,1586970988,59,33.28,134.15,58.44,6.38
298,Avera,40,US,1586970989,52,33.19,-82.53,66.99,5.82
299,Novoomskiy,40,RU,1586970989,80,54.84,73.3,35.6,8.95
300,Long Beach,1,US,1586970801,32,33.77,-118.19,75.99,1.23
301,Sinnamary,33,GF,1586970989,67,5.38,-52.95,81.79,8.52
302,Oodweyne,66,SO,1586970989,38,9.41,45.06,81.45,11.12
303,Charter Township of Clinton,90,US,1586970908,71,42.59,-82.92,35.01,4.21
304,Cap Malheureux,40,MU,1586970989,78,-19.98,57.61,78.8,13.87
305,Biskamzha,85,RU,1586970990,71,53.45,89.53,39.7,7.23
306,Hasaki,75,JP,1586970990,87,35.73,140.83,50.0,2.24
307,Peterhead,17,GB,1586970990,51,57.51,-1.8,62.6,11.41
308,Marawi,57,PH,1586970990,71,8.0,124.29,69.42,2.95
309,Lubin,33,PL,1586970990,37,51.4,16.2,57.99,13.87
310,Boueni,20,YT,1586970990,79,-12.9,45.08,84.2,6.93
311,Peniche,40,PT,1586970707,72,39.36,-9.38,62.6,16.11
312,Nyrob,100,RU,1586970990,93,60.73,56.72,34.3,5.03
313,Meulaboh,56,ID,1586970991,79,4.14,96.13,80.82,3.27
314,Laas,5,IT,1586970991,39,46.62,10.7,66.2,5.82
315,Barcelos,40,PT,1586970991,77,41.54,-8.62,60.8,14.99
316,Ponta Delgada,40,PT,1586970991,76,37.73,-25.67,57.2,18.34
317,Vila Franca do Campo,40,PT,1586970991,76,37.72,-25.43,57.2,18.34
318,Rome,75,US,1586970964,48,43.21,-75.46,43.0,13.87
319,San Andrés,20,CO,1586970992,58,12.58,-81.7,87.8,12.75
320,Marzuq,70,YE,1586970992,48,14.4,46.47,75.72,6.51
321,Fortuna,75,US,1586970992,93,40.6,-124.16,55.99,6.93
322,Nome,90,US,1586970992,97,64.5,-165.41,32.0,10.29
323,Kuusamo,38,FI,1586970992,94,65.97,29.18,32.0,8.05
324,Miandrivazo,19,MG,1586970992,54,-19.52,45.47,83.26,2.15
325,Maryborough,4,AU,1586970992,87,-25.53,152.7,66.99,5.01
326,Tikhvin,88,RU,1586970993,88,59.65,33.53,33.85,3.71
327,Silver City,1,US,1586970768,15,32.77,-108.28,60.01,6.93
328,Jining,90,CN,1586970993,68,35.41,116.58,60.13,13.58
329,Shatsk,95,RU,1586970993,76,54.03,41.71,36.46,11.16
330,Umm Hājar,0,TD,1586970994,9,13.3,19.7,89.56,7.58
331,Dāmghān,43,IR,1586970994,34,36.17,54.35,55.44,6.67
332,Carmo do Rio Claro,94,BR,1586970994,55,-20.97,-46.12,77.16,4.52
333,Sioux Lookout,5,CA,1586970994,35,50.1,-91.92,23.0,14.99
334,Yulin,95,CN,1586970994,84,22.63,110.15,65.23,3.69
335,Roald,75,NO,1586970995,93,62.58,6.13,44.6,16.11
336,Boende,72,CD,1586970995,63,-0.22,20.87,81.14,2.62
337,Ixtapa,5,MX,1586970995,61,20.7,-105.2,77.0,3.36
338,Hamilton,20,US,1586970916,30,39.18,-84.53,53.6,17.22
339,Borova,100,UA,1586970995,45,50.18,30.1,44.6,15.66
340,Semey,16,KZ,1586970995,55,50.41,80.23,45.01,5.28
341,Bima,78,ID,1586970996,84,-8.47,118.72,77.13,2.39
342,Little Current,20,CA,1586970996,80,45.98,-81.92,32.0,13.87
343,Yeppoon,8,AU,1586970996,77,-23.13,150.73,69.8,8.05
344,Gōtsuchō,100,JP,1586970996,70,35.0,132.22,52.97,5.95
345,Alexandria,58,EG,1586970738,26,31.22,29.96,80.6,9.17
346,Beatrice,75,US,1586970924,33,40.27,-96.75,46.99,8.05
347,Erzin,75,TR,1586970997,72,36.96,36.2,64.4,11.41
348,Faya,40,SA,1586970997,82,18.39,42.45,64.4,6.93
349,Sechura,30,PE,1586970997,66,-5.56,-80.82,77.74,7.83
350,Nemuro,86,JP,1586970847,92,43.32,145.57,32.07,15.95
351,São Filipe,79,CV,1586970997,73,14.9,-24.5,73.02,14.27
352,Hobyo,8,SO,1586970998,71,5.35,48.53,84.78,11.54
353,Cairns,75,AU,1586970998,88,-16.92,145.77,75.2,11.41
354,Ayan,64,RU,1586970998,88,56.45,138.17,31.75,9.8
355,Bilma,3,NE,1586971000,10,18.69,12.92,90.61,9.48
356,Tres Arroyos,0,AR,1586971000,36,-38.37,-60.28,66.43,7.58
357,Bălţăteşti,96,RO,1586971000,52,47.12,26.3,48.99,10.29
358,Zaysan,100,KZ,1586971001,67,47.47,84.87,48.15,6.15
359,Orlik,0,RU,1586971001,56,52.52,99.83,25.83,2.62
360,Truro,3,GB,1586970920,50,50.27,-5.05,57.0,29.97
361,Port Hardy,90,CA,1586971001,87,50.7,-127.42,48.2,4.7
362,Turukhansk,51,RU,1586971001,96,65.82,87.98,29.34,6.26
363,Dwārka,12,IN,1586971001,76,22.24,68.97,80.65,14.67
364,Turbat,67,PK,1586971001,36,26.0,63.04,86.77,11.68
365,City of San Pedro,75,PH,1586971001,78,14.35,121.02,82.4,1.12
366,Kaoma,68,ZM,1586971002,58,-14.78,24.8,69.75,3.85
367,Natal,75,BR,1586970844,83,-5.79,-35.21,78.8,13.87
368,Northam,0,GB,1586971002,47,51.03,-4.22,57.99,11.41
369,Pevek,100,RU,1586971002,95,69.7,170.31,6.35,2.21
370,Lavrentiya,98,RU,1586971002,95,65.58,-171.0,22.19,3.47
371,Tessalit,100,ML,1586971003,16,20.2,1.01,89.26,13.31
372,Muros,40,ES,1586970921,87,42.78,-9.06,57.99,9.17
373,Ugoofaaru,92,MV,1586971003,69,5.67,73.0,85.6,6.55
374,Banjar,40,ID,1586971003,94,-8.19,114.97,82.4,4.7
375,Caçador,0,BR,1586971003,26,-26.78,-51.02,64.0,6.6
376,Belmonte,40,BR,1586971003,74,-15.86,-38.88,82.4,10.29
377,Uva,100,RU,1586971004,64,56.99,52.19,49.37,12.06
378,Karratha,34,AU,1586970874,74,-20.74,116.85,82.45,10.87
379,Porirua,45,NZ,1586971004,81,-41.13,174.85,48.2,6.93
380,Antofagasta,20,CL,1586970858,60,-23.65,-70.4,69.8,10.29
381,Coari,40,BR,1586971004,42,-4.08,-63.14,95.5,1.25
382,Sandwick,81,GB,1586971005,87,60.0,-1.25,48.2,21.92
383,Grimshaw,75,CA,1586970771,72,56.18,-117.6,35.01,10.29
384,Comodoro Rivadavia,75,AR,1586971005,48,-45.87,-67.5,66.2,4.7
385,Sangīn,69,AF,1586971005,26,32.07,64.84,67.05,1.97
386,North Bend,90,US,1586971005,81,43.41,-124.22,53.01,3.36
387,Dunedin,68,NZ,1586971005,82,-45.87,170.5,53.01,3.0
388,Wawa,24,NG,1586971005,29,9.9,4.42,96.57,0.51
389,Margate,28,GB,1586971006,57,51.38,1.39,60.01,10.29
390,Ambon City,88,ID,1586971006,78,-3.7,128.18,80.96,6.78
391,Nyurba,100,RU,1586971006,94,63.28,118.33,18.3,5.79
392,Mabopane,2,ZA,1586971006,52,-25.5,28.1,64.99,5.23
393,Yining,0,CN,1586971006,76,29.04,114.56,60.1,2.62
394,Saint-Marc,29,HT,1586971006,60,19.11,-72.69,84.52,4.32
395,Igrim,100,RU,1586971007,98,63.19,64.42,34.79,3.42
396,Chërnaya Kholunitsa,89,RU,1586971007,81,58.85,51.72,43.77,10.31
397,Severnyy,97,RU,1586971007,56,50.68,36.55,41.0,11.18
398,Bhag,28,PK,1586971008,16,29.04,67.82,89.22,12.82
399,Bathsheba,40,BB,1586971008,62,13.22,-59.52,84.2,18.34
400,Hambantota,64,LK,1586971008,76,6.12,81.12,82.56,5.88
401,Zhob,10,PK,1586971008,19,31.34,69.45,64.67,6.29
402,Pingliang,64,CN,1586971009,24,35.54,106.69,56.14,9.46
403,Iberia,1,US,1586971009,48,29.95,-91.75,62.01,16.11
404,Cam Ranh,20,VN,1586970751,83,11.92,109.16,80.6,8.05
405,Vostok,0,RU,1586970873,78,46.49,135.88,26.67,1.72
406,Barroquinha,75,BR,1586971009,74,-3.02,-41.14,86.0,3.36
407,Mogadishu,72,SO,1586971009,75,2.04,45.34,84.42,12.55
408,Villa Carlos Paz,0,AR,1586971009,40,-31.42,-64.5,77.0,6.93
409,Kouango,84,CF,1586971010,57,4.99,19.96,83.28,4.23
410,Flinders,99,AU,1586971010,43,-34.58,150.86,71.6,5.82
411,Broken Hill,46,AU,1586971010,29,-31.95,141.43,77.0,10.29
412,La Concordia,1,NI,1586971010,57,13.2,-86.17,78.8,6.93
413,Bilibino,92,RU,1586971011,84,68.05,166.44,2.86,2.86
414,Dalhousie,28,IN,1586971011,26,32.53,75.98,58.06,9.91
415,Port Hedland,72,AU,1586971011,88,-20.32,118.57,80.6,5.82
416,Pryazha,81,RU,1586971012,80,61.69,33.62,35.6,4.47
417,Gull Lake,40,CA,1586971012,100,50.1,-108.48,24.8,10.29
418,Zanjān,0,IR,1586971012,24,36.67,48.48,50.32,4.18
419,Ormond Beach,40,US,1586971012,70,29.29,-81.06,89.6,11.41
420,Redlands,5,US,1586970884,16,34.06,-117.18,75.2,2.84
421,Aklavik,90,CA,1586971013,86,68.22,-135.01,33.8,3.36
422,Lewisporte,90,CA,1586971013,41,49.25,-55.05,45.0,11.41
423,Mutsu,40,JP,1586971013,70,41.29,141.22,37.0,8.05
424,Tashtyp,97,RU,1586971013,67,52.79,89.9,46.11,7.05
425,Torres,0,BR,1586971014,39,-29.34,-49.73,73.13,12.15
426,Sri Aman,59,MY,1586971014,100,1.24,111.46,78.8,1.95
427,Bealanana,14,MG,1586971014,69,-14.55,48.73,62.62,4.65
428,Beltangadi,4,IN,1586971015,75,13.98,75.3,73.36,4.05
429,Barra Patuca,5,HN,1586971015,60,15.8,-84.28,85.48,15.3
430,Jacareacanga,100,BR,1586971015,95,-6.22,-57.75,73.27,2.21
431,Kassala,42,SD,1586971016,17,15.45,36.4,80.56,9.64
432,Marsh Harbour,80,BS,1586971016,73,26.54,-77.06,79.52,15.28
433,Korla,96,CN,1586971016,22,41.76,86.15,64.38,9.04
434,Alta Floresta,75,BR,1586971017,56,-9.88,-56.09,95.0,2.24
435,Yumen,77,CN,1586971017,23,40.28,97.2,53.53,18.7
436,Cambridge,75,CA,1586970979,47,43.36,-80.31,43.0,19.46
437,Waipawa,44,NZ,1586971018,81,-41.41,175.52,48.2,6.93
438,Marabba,65,SD,1586971019,11,12.35,32.18,84.58,10.2
439,Antsohihy,4,MG,1586971019,67,-14.88,47.99,79.03,8.3
440,Rock Springs,90,US,1586970851,48,41.59,-109.2,39.2,14.99
441,Saint-François,1,FR,1586971020,29,46.42,3.91,75.2,8.05
442,Le Port,0,RE,1586971020,73,-20.94,55.29,77.0,17.22
443,Tocopilla,0,CL,1586971021,29,-22.09,-70.2,80.67,6.67
444,Goundam,99,ML,1586971021,34,16.41,-3.67,83.17,20.13
445,Balkhash,44,KZ,1586970861,47,46.84,74.98,47.05,7.54
446,Shīeli,54,KZ,1586971021,37,44.17,66.75,53.33,9.84
447,Qena,7,EG,1586971022,27,26.16,32.72,86.0,5.82
448,Hvolsvollur,40,IS,1586971022,70,63.75,-20.22,42.8,23.04
449,Chadiza,52,ZM,1586971022,58,-14.07,32.44,69.48,4.99
450,Kumbo,77,CM,1586971022,58,6.2,10.67,66.76,1.99
451,Jinji,94,CN,1586971023,80,23.23,110.83,65.28,1.54
452,Port Blair,59,IN,1586971023,76,11.67,92.75,83.3,4.43
453,Poum,29,NC,1586971023,79,-20.23,164.02,77.95,13.09
454,Paka,24,MY,1586971023,100,4.64,103.44,77.0,6.71
455,Kysyl-Syr,74,RU,1586971023,93,63.9,122.76,10.47,6.89
456,Pangkalanbuun,66,ID,1586971024,87,-2.68,111.62,77.29,2.21
457,Ecoporanga,97,BR,1586971024,64,-18.37,-40.83,82.09,1.79
458,Acapulco de Juárez,20,MX,1586970897,66,16.86,-99.89,84.2,6.93
459,Coyhaique,90,CL,1586971024,81,-45.58,-72.07,57.2,3.36
460,Madiun,55,ID,1586970879,87,-7.63,111.52,76.51,1.86
461,Charters Towers,9,AU,1586971024,84,-20.1,146.27,66.11,6.64
462,Naze,86,JP,1586971024,59,28.37,129.48,64.4,10.29
463,Banda Aceh,67,ID,1586971024,79,5.56,95.32,80.67,1.32
464,Inta,100,RU,1586971025,91,66.03,60.17,32.67,13.73
465,Vallenar,71,CL,1586971025,28,-28.57,-70.76,76.03,8.48
466,Sisimiut,100,GL,1586971025,86,66.94,-53.67,31.6,8.59
467,Uruguaiana,20,BR,1586970958,43,-29.75,-57.09,69.8,14.99
468,Kukuna,90,SL,1586971025,42,9.4,-12.67,93.22,3.89
469,Prince George,1,CA,1586970766,74,53.92,-122.75,46.0,8.05
470,Nelson,15,NZ,1586971026,70,-41.28,173.28,52.0,1.01
471,Nālūt,95,LY,1586971026,28,30.33,10.85,80.78,4.29
472,Grand-Santi,73,GF,1586971027,36,4.25,-54.38,93.06,3.51
473,Kautokeino,100,NO,1586971027,94,69.01,23.04,28.49,12.62
474,Homer,90,US,1586971027,93,59.64,-151.55,44.01,4.7
475,Putina,43,PE,1586971027,23,-15.47,-69.43,43.68,5.66
476,San Anselmo,1,US,1586971028,59,37.97,-122.56,71.01,4.63
477,Bud,90,US,1586971028,60,39.45,-86.18,50.0,20.8
478,São Miguel do Araguaia,98,BR,1586970845,82,-13.28,-50.16,76.44,5.3
479,Aksu,71,CN,1586971028,17,41.12,80.26,67.42,11.43
480,Krasnosel'kup,0,RU,1586971028,95,65.7,82.47,18.79,10.51
481,Khovd,100,MN,1586971028,36,48.01,91.64,46.63,3.15
482,Springfield,1,US,1586970927,37,37.22,-93.3,55.99,13.87
483,Nassau,1,US,1586970908,37,40.75,-73.58,52.0,10.29
484,Urubamba,40,PE,1586971029,34,-13.3,-72.12,64.4,5.82
485,Ballarat,100,AU,1586971029,73,-37.57,143.85,62.01,6.17
486,Monte Alegre,100,BR,1586971030,80,-2.01,-54.07,78.15,2.64
487,Adrar,39,MR,1586971030,13,20.5,-10.07,95.2,12.21
488,Kamenka,48,RU,1586971030,81,51.32,42.77,39.0,3.0
489,Katherine,40,AU,1586971030,65,-14.47,132.27,80.6,5.82
490,Akşehir,60,TR,1586971031,38,38.36,31.42,52.92,7.16
491,Santa Maria,20,BR,1586970876,35,-29.68,-53.81,69.8,13.87
492,Broome,75,US,1586970970,44,42.25,-75.83,44.01,14.99
493,Naila,6,DE,1586971032,35,50.32,11.7,61.0,3.36
494,Knysna,80,ZA,1586971032,87,-34.04,23.05,60.8,4.7
495,Serpa,40,PT,1586971032,72,37.95,-7.6,60.8,13.87
496,Haimen,99,CN,1586971033,88,23.19,116.61,66.2,4.47
497,Calabozo,0,VE,1586971033,20,8.92,-67.43,101.14,6.11
498,Diamantino,79,BR,1586971033,65,-14.41,-56.45,81.46,9.08
499,Mtinko,71,TZ,1586971033,60,-4.55,34.85,63.48,6.89
500,Ust-Maya,94,RU,1586971034,91,60.42,134.53,22.68,7.14
501,Soe,99,ID,1586970859,82,-9.86,124.28,66.43,2.64
502,Bohuslav,98,UA,1586971034,68,49.55,30.87,40.91,10.54
503,Baisha,0,CN,1586971035,66,26.52,110.93,64.13,4.65
504,Vila,75,PT,1586971035,93,42.03,-8.16,57.0,9.17
505,Sirte,95,LY,1586971035,64,31.21,16.59,67.71,14.88
506,Chapais,75,CA,1586971035,52,49.78,-74.85,19.4,10.29
507,Muswellbrook,38,AU,1586971035,69,-32.27,150.9,58.17,4.54
508,Beyneu,19,KZ,1586971035,36,45.32,55.2,56.44,20.02
509,Le Havre,0,FR,1586971036,16,49.49,0.11,68.0,11.41
510,Westport,75,US,1586971036,34,41.14,-73.36,52.0,3.36
511,Vangaindrano,11,MG,1586971036,90,-23.35,47.6,73.17,3.13
512,Bambey,23,SN,1586971037,39,14.7,-16.45,82.4,20.8
513,Portland,90,US,1586970741,76,45.52,-122.68,55.99,1.68
514,Tarabuco,87,BO,1586971037,29,-19.17,-64.92,50.09,5.01
515,Ola,61,RU,1586971037,94,59.58,151.28,17.2,3.22
516,Tha Rua,31,TH,1586971037,73,14.56,100.72,89.01,1.99
517,Camacupa,95,AO,1586971038,57,-12.02,17.48,66.7,1.48
518,Bhātāpāra,51,IN,1586971038,17,21.73,81.93,90.16,1.23
519,Ryazhsk,73,RU,1586971038,49,53.7,40.11,36.0,3.0
520,Taman',20,RU,1586971038,75,45.21,36.72,41.0,4.47
521,Arrondissement de Montauban,45,FR,1586971038,67,44.08,1.5,62.6,18.34
522,Parry Sound,89,CA,1586971038,36,45.35,-80.03,32.0,3.0
523,Imbituba,0,BR,1586971039,64,-28.24,-48.67,73.4,8.05
524,Palmer,20,US,1586971039,24,42.16,-72.33,52.0,12.75
525,Sorong,91,ID,1586971039,89,-0.88,131.25,77.16,3.44
526,Katsuura,100,JP,1586971039,54,35.13,140.3,57.2,6.93
527,Rusnė,75,LT,1586971040,81,55.3,21.38,46.4,20.13
528,Elias Fausto,40,BR,1586971040,50,-23.04,-47.37,80.01,9.17
529,Springdale,1,US,1586970808,46,36.19,-94.13,55.99,13.87
530,Uglovskoye,21,RU,1586971040,58,51.36,80.19,43.14,6.08
531,Huichapan,5,MX,1586971040,36,20.38,-99.65,75.2,2.24
532,Jertih,20,MY,1586971040,83,5.73,102.49,84.2,4.7
533,Qasigiannguit,75,GL,1586971040,46,68.82,-51.19,28.4,8.05
534,Tutóia,75,BR,1586971040,74,-2.76,-42.27,86.0,3.36
535,São João da Barra,44,BR,1586971040,58,-21.64,-41.05,86.0,2.24
536,Suntar,99,RU,1586971041,92,62.14,117.63,24.48,5.95
537,Livingston,15,GB,1586970848,58,55.9,-3.52,64.99,12.75
538,Fryanovo,40,RU,1586971041,74,56.13,38.45,37.4,8.95
539,Arman',13,RU,1586971041,92,59.7,150.17,15.94,2.95
540,Bouna,87,CI,1586971041,63,9.27,-3.0,80.87,6.93
541,Gizo Government Station,99,SB,1586971041,75,-8.1,156.84,81.66,3.6
542,Dhrol,13,IN,1586971041,24,22.57,70.42,91.99,13.82
543,Ishurdi,100,BD,1586971041,65,24.13,89.08,77.63,2.84
544,Flin Flon,20,CA,1586971041,38,54.77,-101.86,23.0,10.29
545,Kawalu,36,ID,1586971042,82,-7.38,108.21,73.38,1.92
546,Mandera,95,KE,1586971042,8,3.94,41.87,87.01,1.01
547,Husavik,75,IS,1586971042,74,66.04,-17.34,37.4,6.93
548,Bargur,1,IN,1586971042,50,12.54,78.35,77.83,2.91
549,Vila Velha,29,BR,1586971042,66,-20.33,-40.29,84.99,10.29
550,Fairbanks,75,US,1586971042,83,64.84,-147.72,39.99,2.89
551,Synya,100,RU,1586971042,95,65.37,58.04,31.46,1.81
552,Bar Harbor,90,US,1586971042,56,44.39,-68.2,48.2,5.82
553,Esim,59,GH,1586971043,75,4.87,-2.24,84.07,7.9
554,Tilichiki,83,RU,1586971043,95,60.47,166.1,13.69,5.93
555,Smidovich,0,RU,1586971043,65,48.6,133.82,39.24,6.44
556,Nokaneng,17,BW,1586971043,27,-19.67,22.27,79.07,1.48
557,San Cristobal,40,VE,1586971043,58,7.77,-72.22,86.0,8.05
558,Sakakah,0,SA,1586971043,16,29.97,40.21,75.2,4.7
559,Idanre,89,NG,1586971044,75,7.11,5.12,80.71,4.92
560,Chissamba,95,AO,1586971044,58,-12.17,17.33,67.51,0.87
561,Puerto Gaitán,1,CO,1586971044,31,4.31,-72.08,95.77,13.31
562,Luga,98,RU,1586971044,91,58.74,29.85,34.16,3.98
563,Solnechnyy,0,RU,1586971045,81,50.72,136.63,30.87,2.3
564,Wanning,17,CN,1586971045,79,18.8,110.4,71.92,4.07
565,Oussouye,27,SN,1586971045,48,12.48,-16.55,87.8,11.41
566,Baruun-Urt,19,MN,1586971045,42,46.68,113.28,35.6,3.62
567,Kibungo,40,RW,1586971045,73,-2.16,30.54,73.4,3.36
